{"cameraMode":{"drawMode":0,"name":"Shaded","section":"Shading Mode"},"sceneLighting":true,"audioPlay":false,"sceneViewState":{"m_AlwaysRefresh":false,"showFog":true,"showSkybox":true,"showFlares":true,"showImageEffects":true,"showParticleSystems":true,"showVisualEffectGraphs":true,"m_FxEnabled":true},"in2DMode":false,"pivot":{"x":385.551025390625,"y":193.08526611328126,"z":216.58921813964845},"rotation":{"x":-0.04229576513171196,"y":0.008404322899878025,"z":-0.0003577539755497128,"w":-0.9990783333778381},"size":432.68408203125,"orthographic":false}